priority,relevance_score_1_to_5,company,city,category,sector,sub_sector,founded_year,team_size,employee_range,last_funding_type,last_funding_stage,last_funding_date,last_funding_amount_usd,total_amount_raised_usd,website,linkedin,founders,founder_or_lead_linkedin,fit_angle_for_shuvam,outreach_angle,contact_route,source_url,outreach_status,notes,website_status,homepage_title,company_analysis,likely_future_roles,roles_to_watch_keywords,why_these_roles_may_open,shuvam_positioning_for_future_roles,matched_experience_domains,best_project_experience_to_use,best_open_source_experience_to_use,lead_with_domain_story,deprioritize_or_avoid_in_pitch,resume_tailoring_strategy,one_line_outreach_proof,source_description,public_emails_found
P0,5,Atlas,Bengaluru,AI / automation,,,2025,7,1-10,Seed,Early Stage,2026-04-08,6000000,6000000,https://theatlas.ai,https://www.linkedin.com/company/atlasailabs,"Arpit Maheshwari, Jagmal Singh",,"Strong fit: lead with Hyoka AI reliability, GSoC PyTorch/TorchScript/ONNX, and backend automation.",Reach out first. Ask for backend/AI/platform internship work; attach a tailored resume and 4-line proof of relevant builds.,Founder/key-person LinkedIn if available; otherwise company LinkedIn + website contact/careers page.,https://inc42.com/lists/list-of-early-stage-startups-in-bengaluru/,not_contacted,,200,Atlas — Scale Your Accounting Firm With AI,"AI-powered operating infrastructure for accounting firms; likely needs reliable workflow automation, integrations, and customer-facing product surfaces.",AI Backend Engineer Intern; Full-stack/Product Engineer Intern; Integrations Engineer Intern; AI Workflow/Evaluation Engineer Intern,"backend intern, product engineer intern, AI engineer intern, integrations, workflow automation, accounting automation","Seed-funded, small team, AI workflow product for external customers. Scaling accounting firm workflows usually creates API, queue, data-model, reliability, and integration work.","Lead with Hyoka reliability/control-plane work, Bentham automation, Postgres APIs, and GSoC ML deployment/debugging.",AI workflow automation; accounting/finance operations; backend integrations; reliability/evals,Hyoka + Bentham AI + Postificus,Kuadrant MCP Gateway for tool/backend reliability; Kyverno if they discuss cloud/infrastructure; Invesalius only as ML pipeline depth.,"AI backend/product engineer who can make accounting workflows reliable: traces, evals, API integrations, retries, and audit logs.",Do not lead with medical imaging; keep GSoC as proof of ML inference/debugging if needed.,"Use Hyoka first, Bentham second, Postificus third. Skills: Python/FastAPI/Postgres/Redis/TypeScript/Docker.","I have built reliability/control-plane style AI systems in Hyoka and production workflow automation at Bentham, which maps well to AI-assisted accounting operations.","Founded in 2025, Atlas operates in the Fintech sector offering AI-powered technology and operational infrastructure to independent accounting firms across North America. The company focuses on providing digital growth capabilities that enable these firms to scale without increasing headcount. Atlas aims to transform traditional accounting practices by integrating human expertise with advanced AI solutions. Firms interested in partnerships can reach out to their team for collaboration opportunities.",
P0,5,Bhindi AI,Bengaluru,AI / automation,AI,Application Layer,2025,14,11-50,Pre-Seed,Early Stage,2025-08-05,4000000,4000000,https://bhindi.io,https://www.linkedin.com/company/bhindiai,,,"Strong fit: lead with Hyoka AI reliability, GSoC PyTorch/TorchScript/ONNX, and backend automation.",Reach out first. Ask for backend/AI/platform internship work; attach a tailored resume and 4-line proof of relevant builds.,Founder/key-person LinkedIn if available; otherwise company LinkedIn + website contact/careers page.,https://inc42.com/lists/list-of-early-stage-startups-in-bengaluru/,not_contacted,,200,Bhindi - Don't Search. Bhindi It.,"AI automation/application-layer company; product likely depends on agent workflows, integrations, evals, and reliable backend execution.",AI Engineer Intern; Backend Engineer Intern; AI Agents/Automation Intern; Evals/Reliability Intern; Integrations Engineer Intern,"AI intern, agentic workflows, backend intern, automation engineer, integrations, evals","Pre-seed AI startups commonly hire generalist AI/product engineers to connect models, tools, APIs, and production workflows quickly.","Lead with Hyoka, Codex-based development, FastAPI/Postgres, and GSoC model inference pipeline work.",AI agents; workflow automation; tool integrations; eval/replay reliability,Hyoka + Penny Lane + Bentham AI,Kuadrant MCP Gateway for agent/tool reliability; Invesalius for model-output correctness; Kyverno for policy/security maturity.,AI systems engineer for agent reliability and automation workflows.,Do not dilute with consumer/full-stack projects unless they ask for web UI.,"Lead Hyoka, then Penny Lane/Swish depending on agent-vs-product emphasis, then Bentham.","Hyoka gives a direct story around tracing, evaluating, replaying, and gating AI workflows instead of just calling models.","Founded in 2025, Bhindi AI operates in the AI sector offering automation solutions for mundane tasks. The company focuses on enhancing efficiency by streamlining processes that are typically considered tedious. By utilising advanced technology, Bhindi AI aims to free up resources for more engaging activities.",
P0,5,Cent,Bengaluru,Healthtech,Health Tech,Diagnostics,2025,47,11-50,Seed,Early Stage,2026-03-06,5000000,5000000,https://cent.health,https://www.linkedin.com/company/centhealth,"Shashank ND, Anshul Khandelwal, Arpit Garg",,"Strong fit: lead with GSoC medical-imaging work, Python/ML preprocessing, and backend reliability projects.",Reach out first. Ask for backend/AI/platform internship work; attach a tailored resume and 4-line proof of relevant builds.,Founder/key-person LinkedIn if available; otherwise company LinkedIn + website contact/careers page.,https://inc42.com/lists/list-of-early-stage-startups-in-bengaluru/,not_contacted,,200,India’s Most Comprehensive Full Body Checkup and MRI | Cent,"Preventive health intelligence/diagnostics product using multimodal detection, biomarkers, imaging, and AI-powered analysis.",ML Engineer Intern; Medical Imaging/Data Pipeline Intern; Backend Platform Intern; Healthtech Full-stack Intern; Data Engineering Intern,"ML intern, computer vision, medical imaging, data pipeline, backend intern, healthcare software","Diagnostics workflows need ingestion, reporting, data quality, imaging/biomarker processing, patient/provider dashboards, and compliant backend systems.","Lead with GSoC medical-imaging segmentation, NIfTI/MGZ preprocessing, PyTorch/TorchScript/ONNX, and backend reliability projects.",medical imaging ML; diagnostics data pipelines; health workflow reliability; scientific Python,GSoC/Invesalius + Hyoka + Swish,Invesalius is the strongest; IOOS/Tiled support scientific data robustness; VideoLAN/parser safety if data ingestion appears.,Healthtech ML/backend candidate with real medical-imaging code and reliability-oriented backend systems.,Do not lead with generic web apps; make medical-data correctness the first signal.,GSoC first with more ML detail; Hyoka second for eval/reliability; Swish/Bentham for workflows.,"My GSoC work integrated brain-region segmentation and medical-image preprocessing in Invesalius, which is directly relevant to diagnostic/imaging workflows.","Founded in 2025, Cent operates in Health Tech offering preventive health intelligence focused on closing the structural gap of late detection in healthcare. The company utilises a standardized, multimodal detection protocol that incorporates advanced imaging, over 120 biomarkers, and AI-powered analysis to identify serious diseases early in individuals who feel healthy. Cent's mission is to ensure that people can live long enough to reach their Century by promoting early disease detection and prevention.",
P0,5,Maieutic Semiconductor,Bengaluru,AI / automation,Advanced Hardware & Technology,Semiconductors,2025,16,11-50,Seed,Early Stage,2025-07-03,4150000,4150000,https://maieuticsemi.com,https://www.linkedin.com/company/maieutic-semiconductors,"Gireesh Rajendran, Ashish Lachhwani, Rakesh Kumar,Krishna Sankar",Ashish Lachhwani (Co-Founder): https://www.linkedin.com/in/lachhwani ; Gireesh Rajendran (Co-founder and CEO): https://www.linkedin.com/in/gireesh-rajendran-b80660a ; Sateesh Andra (Investor): https://www.linkedin.com/in/sateeshandra ; Rakesh Kumar (Founding Director): https://www.linkedin.com/in/rakesh-kumar-3234739,"Strong fit: lead with Hyoka AI reliability, GSoC PyTorch/TorchScript/ONNX, and backend automation.",Reach out first. Ask for backend/AI/platform internship work; attach a tailored resume and 4-line proof of relevant builds.,Founder/key-person LinkedIn if available; otherwise company LinkedIn + website contact/careers page.,https://inc42.com/lists/list-of-early-stage-startups-in-bengaluru/,not_contacted,,200,Maieutic Semiconductors - AI-powered analog IC design,"AI assistant for semiconductor/analog IC design; likely combines domain tooling, Python automation, model-assisted review, and engineering workflow software.",AI Tooling Engineer Intern; Python Automation Intern; Backend/Platform Intern; ML Engineer Intern; EDA/Developer Tools Intern,"AI tooling, EDA, Python intern, backend platform, developer tools, semiconductor design automation","AI-assisted design products need robust toolchains, data pipelines, internal platforms, and model-evaluation loops around engineering workflows.","Lead with Python ML/data pipeline work from GSoC, Hyoka evaluation/replay concepts, and backend systems reliability.",AI tooling for engineering workflows; Python automation; model-assisted review/evals; deeptech debugging,Hyoka + GSoC/Invesalius + Bentham AI,CRIU for systems rigor; Invesalius/Tiled for technical/scientific codebase work; Kuadrant if platform/tooling appears.,"AI tooling/backend engineer comfortable with technical workflows, model outputs, and reproducible evaluation.",Do not overplay healthcare domain; use GSoC for ML/tooling discipline.,"Hyoka first, GSoC second, Bentham/Postificus third depending on backend need.","Hyoka and GSoC together show I can build model-assisted tooling where output correctness, replay, and debugging matter.","Founded in 2025, Maieutic Semiconductor operates in Advanced Hardware & Technology offering an AI assistant that enhances semiconductor design efficiency. The companys solution shortens development cycles, reduces errors, and automates reviews, thus eliminating the need for expert oversight. Maieutic Semiconductor aims to streamline the semiconductor design process, contributing to improved productivity in the industry.",
P0,5,Pulse,Bengaluru,Healthtech,Health Tech,Fitness & Wellness,2025,24,11-50,Seed,Early Stage,2026-02-25,4000000,4000000,https://www.pulseio.in,https://www.linkedin.com/company/pulseiomed,"Anshul Sharma, Nishant Goel",,"Strong fit: lead with GSoC medical-imaging work, Python/ML preprocessing, and backend reliability projects.",Reach out first. Ask for backend/AI/platform internship work; attach a tailored resume and 4-line proof of relevant builds.,Founder/key-person LinkedIn if available; otherwise company LinkedIn + website contact/careers page.,https://inc42.com/lists/list-of-early-stage-startups-in-bengaluru/,not_contacted,,200,PULSE,"Medical equipment/healthtech company; software needs may appear around device operations, inventory, compliance, data collection, and customer/internal dashboards.",Backend Engineer Intern; Healthtech Platform Intern; Data/Ops Tooling Intern; Full-stack Engineer Intern; QA/Automation Intern,"backend intern, healthtech software, internal tools, data engineer, QA automation, full stack","Medical-device operations and distribution at scale tend to require workflow software, data visibility, CRM/ops tools, and reliability around order/compliance flows.",Lead with medical-imaging credibility from GSoC plus backend automation/deployment experience from Bentham and Hyoka.,healthtech operations; medical-device/data workflows; backend automation; QA/reliability,GSoC/Invesalius + Bentham AI + Hyoka,Invesalius first; IOOS/Tiled for scientific data robustness.,Backend/healthtech software candidate with medical-imaging credibility and workflow automation experience.,Do not position as only ML research; Pulse may need ops/product software too.,GSoC and Bentham should both be prominent; Hyoka if AI/reliability or internal tooling appears.,I can connect health-domain ML familiarity from Invesalius with practical backend automation and deployment from Bentham.,"Founded in 2025, Pulse operates in Health Tech offering globally compliant medical equipment that is designed, sourced, and delivered at scale. The company aims to democratise access to high-quality, affordable healthcare by making India a hub for medical device innovation and manufacturing. Led by experienced professionals from notable industry backgrounds, Pulse is establishing India's first horizontal OEM platform for medtech. The organisation focuses on bridging the gap between global quality standards and local accessibility in healthcare infrastructure.",info@pulseio.in
P0,5,Trupeer Ai,Bengaluru,AI / automation,Enterprise Tech,Horizontal SaaS,2025,32,11-50,Seed,Early Stage,2025-07-15,3000000,3100000,https://trupeer.ai,https://www.linkedin.com/company/trupeer-ai,"Pritish Gupta, Shivali Goyal",Harshveer Jain (Growth): https://www.linkedin.com/in/harshveer-jain-9285448b ; Hemanth Vedagarbha (Investor & Advisor): https://www.linkedin.com/in/hemanthvedagarbha ; Mala Ramakrishnan (Investor): https://www.linkedin.com/in/malaramakrishnan ; Pritish Gupta (Co-Founder): http://www.linkedin.com/in/pritishgupta,"Strong fit: lead with Hyoka AI reliability, GSoC PyTorch/TorchScript/ONNX, and backend automation.",Reach out first. Ask for backend/AI/platform internship work; attach a tailored resume and 4-line proof of relevant builds.,Founder/key-person LinkedIn if available; otherwise company LinkedIn + website contact/careers page.,https://inc42.com/lists/list-of-early-stage-startups-in-bengaluru/,not_contacted,,200,Trupeer | AI-Powered Product Videos & Documentation in Minutes,"AI video/product-documentation platform; likely needs multimodal AI, media pipelines, frontend workflows, backend APIs, and customer integrations.",AI Product Engineer Intern; Backend Engineer Intern; Full-stack Engineer Intern; Video/ML Pipeline Intern; Integrations Engineer Intern,"AI engineer intern, product engineer, video AI, backend intern, full stack, integrations","AI video products require ingestion, generation orchestration, async jobs, storage, UX flows, API integrations, and quality/evaluation loops.","Lead with async/runtime optimization from GSoC, Hyoka eval/replay, and production backend/API projects.",AI product workflows; media/documentation generation; async jobs; API integrations; evals,Hyoka + Postificus + Bentham AI + GSoC for runtime optimization,VideoLAN if media/parser robustness comes up; Kuadrant for API/tool reliability; Invesalius for model-output correctness.,AI product/backend engineer who can build async generation pipelines and make them observable/replayable.,Do not make it sound like only medical ML.,"Hyoka first, Postificus second, Bentham third; GSoC as performance/inference proof.","Postificus and Hyoka together map to long-running generation workflows: queueing, retries, traces, evals, and release gates.","Founded in 2025, Trupeer Ai operates in Enterprise Tech offering an AI video platform that integrates with various software stacks. The company provides solutions that enhance video capabilities tailored for business environments. Its offerings are designed to streamline video integration and improve user experience across different enterprise applications. Trupeer Ai focuses on delivering versatile tools that cater to diverse organisational needs.",
P0,4,Enerzolve Smart Technologies,Bengaluru,Enterprise SaaS / platform,Enterprise Services,Consulting,2025,18,11-50,Seed,Early Stage,2026-01-21,5100000,5100000,https://enerzolve.com,https://www.linkedin.com/company/enerzolve-smart-tech,"Abhay Adya, Anupam Kumar Bhatt",,"Strong fit: lead with Bentham backend automation, Hyoka control-plane work, Postgres APIs, observability.",Reach out first. Ask for backend/AI/platform internship work; attach a tailored resume and 4-line proof of relevant builds.,Founder/key-person LinkedIn if available; otherwise company LinkedIn + website contact/careers page.,https://inc42.com/lists/list-of-early-stage-startups-in-bengaluru/,not_contacted,,200,Enerzolve,"Deep-tech/enterprise services platform across embedded systems, power electronics, and smart-grid intelligence.",Backend/Platform Intern; Python Automation Intern; IoT/Data Pipeline Intern; Embedded Software Intern; DevOps/Monitoring Intern,"backend intern, Python automation, IoT platform, embedded systems, smart grid, data pipeline","Smart-grid and embedded-tech products need telemetry ingestion, cloud services, monitoring, dashboards, and automation around hardware/software workflows.","Lead with backend reliability, OpenTelemetry/Prometheus, Python services, and data-processing/debugging experience.",deeptech platform; telemetry/data pipelines; embedded/smart-grid operations; backend monitoring,Postificus + Bentham AI + GSoC/Invesalius + Hyoka,CRIU for systems; IOOS/Tiled for data/scientific tooling; Kyverno for infra/policy if cloud platform appears.,Backend/platform engineer for telemetry-heavy technical systems and automation.,Do not lead with frontend or generic AI app claims.,Postificus and Bentham first; GSoC for Python/data; Hyoka for observability/evals if AI appears.,"My strongest overlap is reliable backend automation around messy real-world systems: workers, retries, metrics, data correctness, and deployment.","Founded in 2025, Enerzolve Smart Technologies operates in Enterprise Services offering a deep-tech platform that researches, designs, and builds proprietary technologies across various domains, including embedded systems, power electronics, and smart grid intelligence. The company provides critical engineering support to original equipment manufacturers through its DLM and component sourcing services. Its core platform pillars encompass real-time firmware, high-efficiency power solutions, custom magnetic components, adaptive energy storage systems, and advanced cybersecurity measures. Enerzolve focuses on creating reliable solutions for mission-critical applications, ensuring performance and durability across a range of industrial environments.",contact@enerzolve.com
P0,4,Sedna Horeca,Bengaluru,Enterprise SaaS / platform,Enterprise Tech,,2025,27,11-50,Undisclosed,Early Stage,2025-05-02,5800000,5800000,https://sedna.in,https://www.linkedin.com/company/sedna-horeca-private-limited,"Mahadevan Narayanamoni,Saurabh Pandey",Saurabh Pandey (Managing Director): https://www.linkedin.com/in/saurabh-pandey-08b982a/ ; Richa Tewari (Director): https://www.linkedin.com/in/richa-tewari ; Kunal Shah (Chief Financial Officer): https://www.linkedin.com/in/kunal-shah-6a481423,"Strong fit: lead with Bentham backend automation, Hyoka control-plane work, Postgres APIs, observability.",Reach out first. Ask for backend/AI/platform internship work; attach a tailored resume and 4-line proof of relevant builds.,Founder/key-person LinkedIn if available; otherwise company LinkedIn + website contact/careers page.,https://inc42.com/lists/list-of-early-stage-startups-in-bengaluru/,not_contacted,,200,Sedna | Built Around Food,"B2B hospitality operations/supply-chain platform; likely software surface includes inventory, procurement, warehousing, ordering, logistics, and dashboards.",Backend Engineer Intern; Platform/Ops Tooling Intern; Full-stack Engineer Intern; Data Engineering Intern; Supply-chain Systems Intern,"backend intern, platform intern, operations tooling, supply chain software, full stack, data engineer","B2B ops platforms create steady backend work around order flows, inventory state, routing, vendor/customer dashboards, and operational analytics.","Lead with Swish/Postificus workflow systems, Postgres/Redis queues, API reliability, and Bentham automation.",B2B operations platform; supply-chain/order workflows; inventory/vendor state; backend reliability,Swish + Postificus + Bentham AI + Seaweed,Kuadrant/Kyverno only as backend reliability/security proof; OSS should not lead.,"Backend/platform intern for operational workflows, vendor/order state, queues, and dashboards.",Do not force ML; this is mainly ops/platform.,Postificus and Swish first; Bentham for workflow automation; Seaweed if full-stack/product surface matters.,"Swish and Postificus show I can model real operational states, automate workflows, and keep long-running backend jobs observable and recoverable.","Founded in 2025, Sedna Horeca operates in Enterprise Tech offering a business-to-business platform that simplifies backend operations for the Indian hospitality sector. It combines food production, supply chain technology, and distribution and warehousing through its verticals — Hospitality Unlimited, SupplyNote, and Vyap. Sedna addresses backend inefficiencies by delivering high-capacity, quality-controlled food processing alongside tech-enabled procurement and logistics services. It operates in cities including Delhi, Bangalore, Mumbai, and Hyderabad, with expansions underway across major cities to support Indias food service industry.",engage@sedna.in
P0,5,myjobb AI,Gurugram,AI / automation,Consumer Services,Job Portals,2025,5,1-10,,,,,,https://myjobb.ai,https://in.linkedin.com/company/myjobbai,Shrey Tyagi,Shrey Tyagi (Co-Founder & Chief Users Officer): https://www.linkedin.com/in/yourjobwithshrey ; Deepanshu Chittoria (Chief Operating Officer): https://www.linkedin.com/in/deepanshu-chittoria-b4b265155,"Strong fit: lead with Hyoka AI reliability, GSoC PyTorch/TorchScript/ONNX, and backend automation.",Reach out first. Ask for backend/AI/platform internship work; attach a tailored resume and 4-line proof of relevant builds.,Founder/key-person LinkedIn if available; otherwise company LinkedIn + website contact/careers page.,https://inc42.com/lists/list-of-early-stage-startups-in-gurugram/,not_contacted,,200,myjobb — AI Job Copilot,"AI job-search copilot/job portal; likely needs job aggregation, matching, parsing, personalization, and product/backend work.",AI/NLP Engineer Intern; Backend Engineer Intern; Full-stack Engineer Intern; Data/Scraping Pipeline Intern; Search/Ranking Intern,"AI intern, NLP, search, backend intern, scraping, data pipeline, full stack","Job-copilot products depend on ingesting job posts, matching profiles to roles, ranking, document parsing, and keeping user-facing workflows reliable.","Lead with AI workflow reliability from Hyoka, backend APIs, data transformations, and resume/job matching interest.",AI job matching; search/ranking; parsing/data ingestion; user-facing AI workflows,Hyoka + Swish + Penny Lane + Seaweed,Invesalius for model-output correctness; Kuadrant for tool/backend reliability.,"AI product/backend engineer for search, ranking, user workflows, and evals.",Do not over-index on healthcare unless they want ML depth.,"Hyoka first, Swish/Penny Lane second, Seaweed third for product platform.","Hyoka gives me a concrete way to discuss evaluating and improving AI workflow outputs, while Seaweed shows I can ship user-facing platform flows.","Founded in 2025, myjobb AI operates in the Consumer Services sector offering an AI-powered job board that simplifies the job search process. The AI Job-Search Copilot quickly captures user preferences and scans multiple job boards to deliver relevant job listings. Users can also analyse job descriptions, tailor resumes and connect with hiring teams efficiently through the platform. The company's mission is to eliminate irrelevant job listings, making the search for a dream job faster and more effective.",
P0,5,Vibrium,Gurugram,AI / automation,AI,Application Layer,2025,16,11-50,Seed,Early Stage,2026-02-04,1000000,1000000,https://vibrium.ai,https://www.linkedin.com/company/vibrium-agentic-ai,Akshat Saxena,,"Strong fit: lead with Hyoka AI reliability, GSoC PyTorch/TorchScript/ONNX, and backend automation.",Reach out first. Ask for backend/AI/platform internship work; attach a tailored resume and 4-line proof of relevant builds.,Founder/key-person LinkedIn if available; otherwise company LinkedIn + website contact/careers page.,https://inc42.com/lists/list-of-early-stage-startups-in-gurugram/,not_contacted,,200,Vibrium,"Enterprise agentic AI with voice and digital workers; likely needs integrations, orchestration, observability, evals, and customer workflow automation.",AI Agents Engineer Intern; Backend/Integrations Intern; Voice AI Intern; Workflow Automation Intern; Evals/Reliability Intern,"agentic AI, voice AI, backend intern, integrations, automation engineer, evals","Enterprise agent deployments need reliable tool execution, CRM/ERP integrations, tracing, prompt/model regression checks, and customer-specific automation.","Lead with Hyoka traces/evals/replay, Langfuse experience, backend queues/workflows, and API reliability.",enterprise agentic AI; voice/digital workers; integrations; tracing/evals; workflow automation,Hyoka + Swish + Omni-SSM + Postificus,Kuadrant MCP Gateway is highly relevant for tool/backend reliability; Kyverno for policy/security; Invesalius for output correctness.,AI agents/reliability engineer with trace/eval infrastructure and support-workflow grounding.,Do not lead with generic web/full-stack; voice AI can use Omni-SSM if needed.,"Hyoka first, Swish second, Omni-SSM only if voice/speech is in the role, Postificus for backend reliability.","Hyoka and Swish map directly to enterprise agents: trace tool calls, evaluate behavior, ground decisions, and keep workflows auditable.","Founded in 2025, Vibrium operates in the AI sector offering Enterprise Agentic AI that enables measurable outcomes through autonomous Voice and Digital Workers. The company focuses on re-engineering business processes to achieve significant ROI and fast deployment times. Vibrium's platform combines process intelligence with autonomous agents capable of handling complex workflows across various sectors, functioning in over ten languages. The company's technology ensures compliance and security, with a strong emphasis on tracking measurable business metrics. Vibrium's leadership team includes seasoned entrepreneurs and executives from major technology firms.",
P0,4,Ateli,Gurugram,Enterprise SaaS / platform,Enterprise Services,,2025,4,1-10,,,,,,https://ateli.co.in,https://in.linkedin.com/company/connectateli,,,"Strong fit: lead with Bentham backend automation, Hyoka control-plane work, Postgres APIs, observability.",Reach out first. Ask for backend/AI/platform internship work; attach a tailored resume and 4-line proof of relevant builds.,Founder/key-person LinkedIn if available; otherwise company LinkedIn + website contact/careers page.,https://inc42.com/lists/list-of-early-stage-startups-in-gurugram/,not_contacted,,200,Ateli: Your On-Demand Material Partner for Interior Project Handovers & Site Emergencies,"Marketplace/operating system for architects, execution partners, vendors, and site emergency material handovers.",Backend Engineer Intern; Full-stack Engineer Intern; Marketplace Platform Intern; Ops Automation Intern; Internal Tools Intern,"backend intern, full stack, marketplace, operations platform, vendor tools, internal tools","A marketplace with real-world vendors needs order/state management, vendor onboarding, inventory/material catalogs, dashboards, and operational automation.","Lead with Postgres-backed workflow systems, Swish/Postificus platform work, and Bentham automation.",marketplace operations; vendor/project workflows; material/order state; backend/internal tools,Postificus + Swish + Seaweed + Bentham AI,OSS is secondary; Kuadrant/Kyverno can support backend reliability if they have platform roles.,Backend/full-stack intern for marketplace operations and vendor workflow systems.,Do not lead with ML; this is a workflow/product backend story.,"Postificus first, Swish second, Seaweed third; Bentham for automation/deployment.","Postificus and Swish show practical workflow engineering: state machines, queues, retries, dashboards, and operational context.","Founded in 2025, Ateli operates in Enterprise Services offering a platform where India's top architects connect with trusted execution partners and vendors. The company aims to create a new operating system for the design industry that enhances visibility for talent, respects vendors, and reduces chaos in project execution. Ateli simplifies discovery for clients, architects, and vendors, facilitating faster collaboration and smoother execution. The company is focused on building a robust design ecosystem tailored for India.",
P1,5,Kluisz.ai,Bengaluru,AI / automation,Enterprise Tech,Horizontal SaaS,2025,50,11-50,Series A,Growth Stage,2026-04-09,22000000,31600000,https://nava.com,https://www.linkedin.com/company/kluisz-ai,"Abhinav Sinha, Vamshidhar Reddy, Abhijeet Singh",Vamshidhar Reddy (Co-Founder): http://www.linkedin.com/in/vamshidhar-reddy-1684886 ; Giri Malpani (Investor): https://www.linkedin.com/in/girimalpani ; Pranit Arora (Investor): https://www.linkedin.com/in/pranit-arora-1b505422 ; Abhijeet Singh (Co-Founder): http://www.linkedin.com/in/abhiiitkgp,"Strong fit technically, but Series A/growth-stage signal makes it a secondary cold-outreach target.",Reach after P0. Ask whether they need backend/platform/AI intern help; keep it concise and specific.,Founder/key-person LinkedIn if available; otherwise company LinkedIn + website contact/careers page.,https://inc42.com/lists/list-of-early-stage-startups-in-bengaluru/,not_contacted,,200,NAVA - AI-Native Cloud Platform | Next Generation Cloud Computing,"AI-native cloud platform; likely future roles skew toward infrastructure, backend, distributed systems, developer tooling, and reliability.",Cloud Platform Intern; Backend Engineer Intern; DevOps/SRE Intern; AI Infrastructure Intern; Developer Tools Intern,"cloud platform, backend intern, infra, SRE, Kubernetes, developer tools, AI workloads","Cloud platforms need control planes, workload orchestration, security, observability, billing/usage systems, and infra automation.","Lead with backend/platform projects, Docker/GCP/GitHub Actions, observability, and reliability work. Less ML-heavy, more systems-heavy.",AI-native cloud; infra/control planes; workload orchestration; observability; developer tools,Hyoka + Postificus + Bentham AI + Seaweed,"Kuadrant MCP Gateway, Kyverno, CRIU are the strongest OSS evidence here.","Backend/platform engineer with infra reliability, Docker/GCP, observability, and cloud-native OSS context.",Do not lead with healthcare ML.,"Postificus/Hyoka/Bentham; emphasize Docker, GCP, GitHub Actions, Prometheus, OpenTelemetry, API/control-plane design.","My cloud/platform story combines Bentham Cloud Run deployments, Postificus observable workers, and cloud-native OSS contributions.","Founded in 2025, Kluisz.ai operates in the AI sector offering an autonomous, AI-native cloud platform designed to simplify the management of enterprise and AI workloads. The company focuses on creating a cloud infrastructure that enhances speed, security, and usability, enabling users to concentrate on development rather than management. Kluisz.ai supports various applications, including training large models, real-time inference, and enterprise scalability across on-prem, edge, and hybrid environments. The companys mission is to provide intelligent infrastructure in an increasingly intelligence-driven world.",
P1,5,STCH,Bengaluru,AI / automation,,,2025,19,11-50,Pre-Series A,Growth Stage,2026-04-23,7000000,7000000,https://stch.ai,https://www.linkedin.com/company/stch-ai,"Narahari Payala, Aseem Chitkara",Narahari Payala (Founder): http://www.linkedin.com/in/narahari-payala-463bb57a,"Strong fit technically, but pre-Series A/growth-stage signal makes it a secondary cold-outreach target.",Reach after P0. Ask whether they need backend/platform/AI intern help; keep it concise and specific.,Founder/key-person LinkedIn if available; otherwise company LinkedIn + website contact/careers page.,https://inc42.com/lists/list-of-early-stage-startups-in-bengaluru/,not_contacted,,200,STCH | AI-Enabled Fabric R&D & Manufacturing Platform,"AI-enabled fabric R&D/manufacturing platform; likely needs product engineering, manufacturing workflow software, data capture, and AI-assisted recommendations.",Backend Engineer Intern; AI/Product Engineer Intern; Manufacturing Platform Intern; Full-stack Engineer Intern; Data Pipeline Intern,"AI engineer, backend intern, manufacturing platform, data pipeline, full stack, R&D tooling","Manufacturing/R&D platforms need structured experiment data, workflow states, dashboards, search/recommendation, and integrations with production systems.","Lead with Hyoka evaluation/workflow control, backend APIs, Postgres data models, and rapid product iteration.",manufacturing/R&D workflow software; AI-assisted recommendations; data capture; backend platform,Hyoka + Postificus + Bentham AI + GSoC,Invesalius/Tiled for technical data workflows; Kuadrant if platform/API reliability appears.,AI/product backend engineer for structured experimentation/workflow systems.,Do not pitch pure consumer app/full-stack.,Hyoka and Postificus first; GSoC as technical workflow/data correctness proof.,"Hyoka is relevant because manufacturing AI/R&D systems need traceable inputs, evaluated outputs, and controlled promotion of workflow changes.","STCH is a company based in Bengaluru, Karnataka, India, operating in the enterprise services sector. Founded in 2025, it now employs 6 individuals. The company was established by Narahari Payala, Aseem Chitkara.",enquiry@stch.ai
P1,3,Grevoro,Bengaluru,Deeptech / hardware,Clean Tech,Climate Tech,2025,18,11-50,Seed,Early Stage,2026-02-27,4700000,4700000,https://grevoro.com,https://www.linkedin.com/company/grevoro,"Vijayanand K, Raghav Jaju",,"Possible fit: lead with Python data workflows, robust APIs, deployment, monitoring, and debugging.",Reach after P0. Ask whether they need backend/platform/AI intern help; keep it concise and specific.,Founder/key-person LinkedIn if available; otherwise company LinkedIn + website contact/careers page.,https://inc42.com/lists/list-of-early-stage-startups-in-bengaluru/,not_contacted,,200,Grevoro: Leading the Low-Carbon Industrial Revolution -,"Low-carbon industrial/manufacturing company; software hiring may appear around analytics, manufacturing ops, monitoring, and internal platform automation.",Python/Data Intern; Backend/Internal Tools Intern; Industrial Analytics Intern; Platform/Monitoring Intern; Automation Intern,"Python intern, data engineer, industrial analytics, internal tools, backend, monitoring","Industrial/climate operations require tracking materials, operational metrics, process quality, and reporting across manufacturing workflows.","Lead with Python data workflows, backend reliability, Prometheus/OpenTelemetry, and debugging experience.",industrial analytics; manufacturing ops; low-carbon process tracking; telemetry/reporting,Postificus + Bentham AI + GSoC + Hyoka,CRIU for systems; IOOS/Tiled for scientific/data tooling; Kyverno if infra appears.,Python/backend intern for operational data workflows and monitoring.,Do not lead with AI agents unless they mention AI software.,"Postificus/Bentham for ops automation, GSoC for data processing, Hyoka only if analytics/evals relevant.","I can work on reliability-heavy operational software: data pipelines, metrics, debugging, and backend automation.","Founded in 2025, Grevoro operates in the Clean Tech sector offering manufacturing-led solutions focused on creating industrial products with lower carbon footprints. The company works at the intersection of manufacturing, advanced materials, technology, and finance to enhance operational efficiency while reducing environmental impact and fulfilling compliance and ESG requirements. Grevoro's ecosystem includes sustainable manufacturing, brand manufacturing, and Grevoro Capital, delivering a comprehensive approach to decarbonization and sustainable growth. Its mission is to support India's transition to a competitive and environmentally responsible industrial economy.",info@grevoro.com
P1,3,PRED,Bengaluru,Fintech / data workflow,,,2025,18,11-50,Seed,Early Stage,2026-02-25,2500000,2500000,https://pred.app,https://linkedin.com/company/getpredapp,"Piyush Mahensaria, Amit Mahensaria",Amit Mahensaria (Co-Founder & CEO): http://www.linkedin.com/in/mahensaria,"Good fit: lead with backend/data workflow reliability, APIs, and fast product execution.",Reach after P0. Ask whether they need backend/platform/AI intern help; keep it concise and specific.,Founder/key-person LinkedIn if available; otherwise company LinkedIn + website contact/careers page.,https://inc42.com/lists/list-of-early-stage-startups-in-bengaluru/,not_contacted,,200,Pred | The Sports Prediction Exchange™,"Sports prediction exchange/Web3-fintech product; likely needs real-time backend, market/order systems, data feeds, risk, and product engineering.",Backend Engineer Intern; Real-time Systems Intern; Data Engineering Intern; Full-stack Product Intern; Infra/Security Intern,"backend intern, real-time systems, trading/marketplace, data feeds, infra, security","Prediction exchanges need low-latency APIs, live data ingestion, settlement logic, user wallets/accounts, monitoring, and abuse/risk controls.","Lead with Postificus queues/retries/DLQs, backend workflow correctness, Postgres/Redis, and API reliability.",real-time exchange systems; market/order state; data feeds; backend correctness; risk/security,Postificus + Seaweed + Hyoka + Penny Lane,Kyverno/Kuadrant for reliability/security; CRIU for systems discipline.,"Backend systems intern for real-time workflows, correctness, and observable APIs.",Do not lead with health/medical ML.,"Postificus first, Seaweed second for concurrency/leaderboards, Hyoka/Penny Lane for traceable decisions.","Seaweed and Postificus show I can build low-latency, stateful backend workflows with queues, rankings, and reliability controls.","Founded in 2025, PRED operates in the Web3 sector offering the fastest prediction exchange for sports. The company focuses on enhancing the experience of sports predictions by utilising innovative technology. By creating a platform where users can engage in prediction markets, PRED aims to revolutionise how sports enthusiasts interact with events. The mission centres on providing a seamless and efficient environment for sports predictions.",
P1,5,Aamra Seniors Club,Gurugram,Healthtech,,,2025,3,1-10,Seed,Early Stage,2026-03-20,150000,150000,https://aamra.life,https://linkedin.com/company/aamra-kinspire-living-private-limited,"Sripriya Yegneswaran, Akanksha Saxena",,Possible fit if they need product/backend tooling; lead with workflow automation and healthtech interest.,Reach after P0. Ask whether they need backend/platform/AI intern help; keep it concise and specific.,Founder/key-person LinkedIn if available; otherwise company LinkedIn + website contact/careers page.,https://inc42.com/lists/list-of-early-stage-startups-in-gurugram/,not_contacted,,200,Aamra Seniors Club - Day club for senior citizens in Gurgaon,"Senior-care day club with health check-ins and engagement programs; future software may focus on care operations, scheduling, member records, and family communication.",Full-stack Engineer Intern; Backend/Ops Tooling Intern; Healthtech Product Intern; Data/Analytics Intern,"full stack, internal tools, health operations, scheduling, CRM, analytics",Service-heavy health businesses often build internal tools before hiring large engineering teams.,"Lead with Swish operational decision workflow, support automation, and backend data models.",health operations; scheduling/member records; support workflows; internal tools,Swish + Bentham AI + Seaweed + GSoC,Invesalius is useful as health-domain credibility; OSS should be brief.,Full-stack/backend intern for healthcare operations tooling.,Do not lead with deep ML unless they have diagnostics/AI work.,Swish first; Bentham second; GSoC as health-context signal.,"Swish maps well to care/service operations because it models cases, context, policy decisions, and follow-ups.","Founded in 2025, Aamra Seniors Club operates in Health Tech offering a day space for adults aged 60+ that focuses on health, engagement, and connection. Based in DLF Phase 1, Gurgaon, Aamra provides daily health check-ins, guided movement, learning sessions, and social time in a warm, non-clinical setting. The club combines medical insight with community design to support seniors in remaining active, independent, and joyful. Aamra aims to promote dignity and well-being through preventive care and daily routines. It is designed as a vibrant community where ageing is embraced positively.",
P1,5,Puresta,Gurugram,Healthtech,Ecommerce,D2C,2025,24,11-50,Pre-Seed,Early Stage,2026-02-24,0,0,,https://www.linkedin.com/company/puresta-lifestyle-pvt-ltd,"Ashish Mishra, Hitesh Dhingra, Bhisham Bhateja",,Good fit if they have software/AI work: lead with medical-imaging ML and backend reliability.,Reach after P0. Ask whether they need backend/platform/AI intern help; keep it concise and specific.,Founder/key-person LinkedIn if available; otherwise company LinkedIn + website contact/careers page.,https://inc42.com/lists/list-of-early-stage-startups-in-gurugram/,not_contacted,,missing,,"Beauty + health/dermatology platform with AI-driven skin analysis; software needs may include CV/ML, ecommerce, consultation workflows, and health data handling.",ML/CV Engineer Intern; Backend Engineer Intern; Healthtech Full-stack Intern; Data Pipeline Intern; Ecommerce Platform Intern,"AI skin analysis, computer vision, backend intern, healthtech, ecommerce, consultation platform","AI skin analysis and tele-dermatology require image pipelines, model evaluation, booking/consultation flows, ecommerce, and user health records.","Lead with GSoC medical-imaging ML, PyTorch/ONNX inference, and backend reliability.",AI skin analysis; health/beauty consultations; image pipelines; ecommerce/workflow backend,GSoC/Invesalius + Hyoka + Swish + Postificus,Invesalius strongest; IOOS/Tiled for data correctness; VideoLAN if image/media parsing appears.,ML/backend intern for image-based health workflows plus product backend.,Do not make it only ecommerce; keep image/health AI visible.,"GSoC first, Hyoka second, Swish/Postificus for consultation/ecommerce workflows.","GSoC medical-imaging segmentation is the strongest evidence for image/health AI workflows, while Hyoka adds evaluation/replay reliability.","Founded in 2025, Puresta operates in Ecommerce offering a full-stack platform that merges beauty and health. The company has acquired HealthQ Life Science Pvt Ltd, creating an integrated dermatology platform that features AI-driven skin analysis, dermatologist consultations, and clinically proven products. The SKINQ and SKINQ Rx brands, formulated by dermatologists, are part of this ecosystem. Co-founded by industry veterans Hitesh Dhingra, Bhisham Bhateja, and Ashish Mishra, Puresta aims to leverage extensive experience in the beauty and personal care sectors.",
P1,3,Frex,Gurugram,Fintech / data workflow,Fintech,Banking,2025,9,1-10,Pre-Seed,Early Stage,2025-12-08,1048745,1048745,https://frexpay.com,https://www.linkedin.com/company/frexpay,"Aditya Varma, Himanshu Arora",,"Good fit: lead with reliable APIs, Postgres/SQLAlchemy, automation, audit logs, and workflow correctness.",Reach after P0. Ask whether they need backend/platform/AI intern help; keep it concise and specific.,Founder/key-person LinkedIn if available; otherwise company LinkedIn + website contact/careers page.,https://inc42.com/lists/list-of-early-stage-startups-in-gurugram/,not_contacted,,200,Frex - Money without borders For the borderless,"Cross-border money transfer/fintech product; likely needs payments backend, compliance/KYC workflows, integrations, ledgering, and analytics.",Backend Engineer Intern; Fintech Platform Intern; Compliance/KYC Tooling Intern; Data Analytics Intern; API Integrations Intern,"backend intern, payments, KYC, compliance, ledger, integrations, fintech","Money-transfer products require reliable ledgers, partner APIs, compliance workflows, fraud/risk controls, and operational dashboards.","Lead with audit logs, workflow correctness, Postgres/SQLAlchemy, retries, and backend automation.",fintech backend; payments/KYC/compliance workflows; ledgers; partner API integrations; audit trails,Hyoka + Bentham AI + Postificus + Seaweed,Kyverno/Kuadrant for security/reliability mindset; CRIU for systems depth.,"Backend intern for reliable APIs, audit logs, retries, and workflow correctness.",Do not lead with ML/healthcare.,"Bentham + Postificus + Hyoka; emphasize audit logs, checkpoints, Postgres, retries, and validation.","Bentham and Postificus give a fintech-relevant story around workflow validation, retries, checkpoints, and reliable external integrations.","Founded in 2025, Frex operates in the fintech sector offering instant, zero-fee international money transfers. The company provides a service that allows users to send money across borders without incurring transfer fees. This positions Frex in a market that prioritises efficient and cost-effective financial transactions. The company's goal is to simplify the process of international money transfers for individuals and businesses alike.",support@frexpay.com
P1,3,ILIOS 72 Alternative Capital,Gurugram,Fintech / data workflow,Fintech,,2025,6,1-10,Seed,Early Stage,2025-05-28,120482,120482,https://ilios72altcap.co.in,https://www.linkedin.com/company/ilios-72-alternative-capital,"Shivansh Sabharwal,Valmik Iyer",Valmik Iyer CFA (Co-Founder): https://www.linkedin.com/in/valmik-iyer-cfa-42946316b ; Shivansh Sabharwal (Co-Founder): https://www.linkedin.com/in/shivansh-sabharwal-851676148,"Good fit: lead with reliable APIs, Postgres/SQLAlchemy, automation, audit logs, and workflow correctness.",Reach after P0. Ask whether they need backend/platform/AI intern help; keep it concise and specific.,Founder/key-person LinkedIn if available; otherwise company LinkedIn + website contact/careers page.,https://inc42.com/lists/list-of-early-stage-startups-in-gurugram/,not_contacted,,200,ILIOS 72,"Alternative capital/wealth platform; software roles may appear around investor dashboards, analytics, data pipelines, reporting, and internal workflow tools.",Backend Engineer Intern; Fintech Data Intern; Analytics Platform Intern; Full-stack/Internal Tools Intern,"fintech backend, analytics, dashboards, internal tools, data pipeline, reporting","Investment platforms need data ingestion, portfolio reporting, compliance/audit trails, and workflow tools even before large product teams form.","Lead with audit-ready backend systems, Postgres, reporting workflows, and reliability.",wealth/investment workflows; analytics/reporting; audit-ready records; internal tools,Penny Lane + Hyoka + Postificus + Bentham AI,Kyverno/Kuadrant for reliability/security; OSS should be secondary.,Fintech/data workflow intern with traceable decision systems and backend reporting experience.,Do not lead with medical imaging.,Penny Lane first if research/portfolio analytics is useful; Hyoka/Postificus for backend reliability and auditability.,"Penny Lane and Hyoka let me discuss traceable decision workflows, validation, audit logs, and reproducible outputs.","Founded in 2025, ILIOS 72 Alternative Capital operates in fintech offering a wealth management platform delivering comprehensive, research-backed solutions. The company focuses on providing strategies for wealth preservation and enhancement, emphasising a data-driven approach. ILIOS 72 Alternative Capitals objective is to empower clients with tailored financial insights and robust investment tools.",investorrelations@ILIOS72altcap.co.in
P2,5,Emergent,Bengaluru,AI / automation,AI,Application Layer,2025,264,251-500,Series B,Growth Stage,2026-01-20,70000000,100000000,https://emergent.sh,https://www.linkedin.com/company/emergentlabs,"Madhav Jha, Mukund Jha","Sarthak Agarwal (CGO): https://www.linkedin.com/in/2sarthak ; Madhav Jha (Cofounder & CTO): https://www.linkedin.com/in/madhavjha ; Mukund Jha (Co-founder, CEO): https://www.linkedin.com/in/mukund-jha-a1596413/ ; Avinash Vishwakarma (Founding Member | Chief Architect): https://www.linkedin.com/in/avinash-vishwakarma-75798750","Strong fit: lead with Hyoka AI reliability, GSoC PyTorch/TorchScript/ONNX, and backend automation.",Track/deprioritize unless warm intro. Ask for backend/AI/platform internship work; attach a tailored resume and 4-line proof of relevant builds.,Founder/key-person LinkedIn if available; otherwise company LinkedIn + website contact/careers page.,https://inc42.com/lists/list-of-early-stage-startups-in-bengaluru/,not_contacted,,200,Emergent | Build Apps with AI - no coding required,AI app-builder/no-code platform; technically relevant but already much larger/growth-stage compared with the preferred early-startup target.,AI Product Engineer Intern; Full-stack Engineer Intern; Backend Platform Intern; AI Infra/Evals Intern; Developer Experience Intern,"AI product engineer, full stack, developer tools, agentic apps, backend platform, evals","AI app builders need frontend builders, execution sandboxes, backend orchestration, deployment, evals, and developer/product workflows.","Could fit, but cold outreach is lower priority due size/growth stage. Lead with Hyoka + backend platform projects if applying.",AI app builder; developer/product workflows; execution orchestration; evals; DX,Hyoka + Seaweed + Postificus + Bentham AI,Kuadrant and Kyverno for platform reliability; Invesalius for model-output correctness.,"AI product/platform engineer, but lower cold-outreach priority due company maturity.",Do not frame as early-stage/founder-style if they are already larger.,"Hyoka and Seaweed, with Postificus for worker reliability.",Hyoka maps to AI app reliability and Seaweed shows production-like user-facing platform engineering.,"Emergent is a company based in Bengaluru, Karnataka, India, operating in the ai sector. Founded in 2025, it now employs 78 individuals. The company was established by Madhav Jha, Mukund Jha.",
P2,3,Vimag Labs,Bengaluru,Deeptech / hardware,Clean Tech,Electric Vehicles,2025,1,1-10,Series A,Growth Stage,2026-01-29,5000000,5000000,,https://www.linkedin.com/company/vimag-labs,"Manish Seth, Piyush Desai",,"Possible technical fit, but missing website and growth-stage signal make this lower priority.",Track/deprioritize unless a role appears or there is a warm intro.,Founder/key-person LinkedIn if available; otherwise company LinkedIn + website contact/careers page.,https://inc42.com/lists/list-of-early-stage-startups-in-bengaluru/,not_contacted,,missing,,"EV motor/control deeptech company; roles would skew firmware, motor control, simulations, embedded systems, and Python tooling.",Embedded Software Intern; Firmware Intern; Simulation/Python Tooling Intern; Controls/Data Intern,"embedded, firmware, motor control, simulation, Python tooling, EV","Motor/control companies need embedded implementation, simulation pipelines, test automation, and hardware/software debugging.","Only apply if you want embedded/deeptech. Lead with Python tooling and debugging, not web/backend.",embedded/EV controls; simulation; Python tooling; systems debugging,GSoC/Invesalius + Postificus + Bentham AI,CRIU strongest; IOOS/Tiled for scientific tooling.,"Python tooling/systems debugging, not web product.",Avoid AI-agent framing unless they ask for it.,GSoC + systems/open-source + Python/debugging.,GSoC and CRIU-style OSS show comfort debugging technical systems beyond web apps.,"Founded in 2025, Vimag Labs operates in Clean Tech offering innovative solutions in motor and control technology to eliminate the industry's dependency on rare-earth magnets. The company is focused on developing the Virtual Magnet Motor, which utilises a software-defined approach to propulsion, replacing physical permanent magnets with intelligent digital field control. This technology tackles supply chain vulnerabilities and environmental issues while enhancing motor performance through code. Vimag Labs strives to redefine motor adaptability and efficiency in the clean technology sector.",
P2,2,Dazzl,Bengaluru,Consumer / commerce,Consumer Services,Quick Commerce,2025,20,11-50,Seed,Early Stage,2026-01-13,3200000,3200000,https://dazzlnow.com,https://www.linkedin.com/company/dazzlnow,"Komal Solanki, Ashish Bajpai",,Secondary fit: quick-commerce consumer product; lead with full-stack/backend workflow execution only if applying.,Track/deprioritize unless a role appears or there is a warm intro.,Founder/key-person LinkedIn if available; otherwise company LinkedIn + website contact/careers page.,https://inc42.com/lists/list-of-early-stage-startups-in-bengaluru/,not_contacted,,200,Dazzl - Beauty Services at Your Doorstep in 10 Minutes,"10-minute beauty services quick-commerce platform; likely needs booking, dispatch, provider matching, ops tools, mobile/web, and payments.",Backend Engineer Intern; Full-stack Engineer Intern; Mobile/App Intern; Operations Tooling Intern; Data Analytics Intern,"backend, full stack, mobile, dispatch, booking, marketplace ops, analytics","Quick-commerce/service marketplaces need real-time booking, supply matching, location/dispatch, payments, and provider/customer workflows.","Secondary fit. Lead with full-stack backend workflows and ops automation, not ML.",full-stack product workflows; marketplace/order state; operations tooling; support automation; analytics,Swish; Postificus; Seaweed; Bentham AI,Open-source work is secondary; use it as proof of working in mature codebases only.,"Lead with shipping product workflows, order/support/ops state, and backend reliability.",Do not force an AI/ML narrative unless the company has explicit AI features.,Use Swish; Postificus; Seaweed; Bentham AI and keep the resume aligned to Consumer / commerce.,"My closest evidence is Swish; Postificus; Seaweed; Bentham AI, which maps to full-stack product workflows; marketplace/order state; operations tooling; support automation; analytics.","Founded in 2025, Dazzl operates in Consumer Services offering a quick-commerce platform for beauty and wellness services. The company connects fully trained professionals with customers, delivering services to their doorstep in just 10 minutes. Dazzl's approach makes everyday beauty and wellness effortless for its users. The platform aims to streamline access to beauty services, enhancing convenience for customers.",
P2,2,Escape Plan,Bengaluru,Consumer / commerce,Ecommerce,D2C,2025,50,11-50,Series A,Growth Stage,2026-01-22,25000000,30000000,https://myescplan.com,https://www.linkedin.com/company/myescplan.com,"Abhinav Pathak, Abhinav Zutshi",Rohit Rungta (Founding Member & Chief Commercial Officer): https://www.linkedin.com/in/rohit-rungta-021rr ; Abhinav Zutshi (Building Escape Plan): https://www.linkedin.com/in/abhinav-zutshi-7213618 ; Abhinav Pathak (Founder & CEO): https://www.linkedin.com/in/abhinavpathak27 ; Shuchi Pandya (Board Member): https://www.linkedin.com/in/shuchi-pandya-204ba21,Secondary fit: consumer/travel commerce and growth-stage signal; track unless a software role appears.,Track/deprioritize unless a role appears or there is a warm intro.,Founder/key-person LinkedIn if available; otherwise company LinkedIn + website contact/careers page.,https://inc42.com/lists/list-of-early-stage-startups-in-bengaluru/,not_contacted,,200,Escape Plan | HRX & Rare Rabbit Travel Trolleys upto 10-Year Warranty,"Travel/luggage commerce platform; future roles may center on ecommerce systems, catalog, checkout, personalization, CRM, and internal tooling.",Full-stack Engineer Intern; Backend/Ecommerce Intern; Data/Analytics Intern; Internal Tools Intern,"ecommerce backend, full stack, catalog, checkout, analytics, CRM","Commerce platforms need catalog, inventory, payments, order ops, experimentation, and retention tooling.",Lower priority unless a software/product role is explicit. Lead with backend/product execution.,full-stack product workflows; marketplace/order state; operations tooling; support automation; analytics,Swish; Postificus; Seaweed; Bentham AI,Open-source work is secondary; use it as proof of working in mature codebases only.,"Lead with shipping product workflows, order/support/ops state, and backend reliability.",Do not force an AI/ML narrative unless the company has explicit AI features.,Use Swish; Postificus; Seaweed; Bentham AI and keep the resume aligned to Consumer / commerce.,"My closest evidence is Swish; Postificus; Seaweed; Bentham AI, which maps to full-stack product workflows; marketplace/order state; operations tooling; support automation; analytics.","Founded in 2025, Escape Plan operates in Ecommerce offering a next-generation travel platform that redefines how the world shops for luggage and accessories. The company is building a vertical ecosystem for modern explorers, curating premium, design-led travel gear that combines utility and personality. Its product range includes hardcase luggage, backpacks, duffels, and a variety of accessories, all aimed at enhancing the travel experience. Escape Plan focuses on designing with intention and telling resonant stories for a generation of travellers. The company is positioned as a movement and platform for developing bold brands in the travel sector.",
P2,2,Peeko,Bengaluru,Consumer / commerce,Ecommerce,D2C,2025,42,11-50,Seed,Early Stage,2025-08-26,3200000,3200000,https://peekonow.com,https://www.linkedin.com/company/peekonow,,,Secondary fit: consumer commerce; track unless a backend/full-stack role appears.,Track/deprioritize unless a role appears or there is a warm intro.,Founder/key-person LinkedIn if available; otherwise company LinkedIn + website contact/careers page.,https://inc42.com/lists/list-of-early-stage-startups-in-bengaluru/,not_contacted,,200,Peeko,"Quick-commerce/D2C babycare platform; likely roles around catalog, inventory, delivery, recommendation/personalization, and ops tooling.",Backend Engineer Intern; Full-stack Engineer Intern; Ops Tooling Intern; Data Analytics Intern; Mobile/App Intern,"quick commerce, backend, inventory, delivery, full stack, analytics","Fast commerce needs inventory accuracy, order routing, delivery ops, product catalogs, and customer-facing apps.",Secondary fit. Lead with workflow systems and backend reliability.,full-stack product workflows; marketplace/order state; operations tooling; support automation; analytics,Swish; Postificus; Seaweed; Bentham AI,Open-source work is secondary; use it as proof of working in mature codebases only.,"Lead with shipping product workflows, order/support/ops state, and backend reliability.",Do not force an AI/ML narrative unless the company has explicit AI features.,Use Swish; Postificus; Seaweed; Bentham AI and keep the resume aligned to Consumer / commerce.,"My closest evidence is Swish; Postificus; Seaweed; Bentham AI, which maps to full-stack product workflows; marketplace/order state; operations tooling; support automation; analytics.","Founded in 2025, Peeko operates in Ecommerce offering a reimagined babycare shopping experience for todays busy parents. The company addresses catalogue fatigue, inconsistent product quality, and long delivery times by providing a curated assortment that can be delivered in under 60 minutes. Peeko also offers the convenience of try-and-buy and instant returns, enhancing the shopping experience for parents. The goal of Peeko is to make babycare shopping more efficient and user-friendly.",
P2,5,PB Healthcare,Gurugram,Healthtech,Health Tech,,2025,,,Seed,Early Stage,2025-05-08,218000000,218000000,,,Yashish Dahiya,,Relevant sector but missing website/team data; verify manually before outreach.,Track/deprioritize unless a role appears or there is a warm intro.,Founder/key-person LinkedIn if available; otherwise company LinkedIn + website contact/careers page.,https://inc42.com/lists/list-of-early-stage-startups-in-gurugram/,not_contacted,,missing,,Healthcare/hospital management expansion signal but missing website/team details in current data; verify before outreach.,Healthtech Backend Intern; Hospital Ops Tooling Intern; Data/Analytics Intern; Full-stack Engineer Intern,"hospital management, healthtech software, backend, analytics, internal tools","Hospital networks need patient/admin workflows, reporting, scheduling, operations dashboards, and compliance tooling.",Relevant sector but too little verified contact/company surface. Research manually before writing.,medical imaging ML; health data workflows; backend reliability; scientific/open-source data correctness,GSoC/Invesalius; Hyoka; Swish; Bentham AI for workflow automation,Invesalius first; IOOS/Tiled for scientific/data robustness; VideoLAN only if parser/media handling is relevant,"Lead with GSoC medical-imaging work, then Hyoka or Swish for reliable product workflows.",Do not make it sound like pure web CRUD; keep health/data correctness visible.,Use GSoC/Invesalius; Hyoka; Swish; Bentham AI for workflow automation and keep the resume aligned to Healthtech.,"My closest evidence is GSoC/Invesalius; Hyoka; Swish; Bentham AI for workflow automation, which maps to medical imaging ML; health data workflows; backend reliability; scientific/open-source data correctness.","Founded in 2025, PB Healthcare operates in Health Tech industry. Originally focused on establishing a strong presence in hospital management, the company has expanded its operations through strategic development of a network of healthcare facilities. Recent confirmed developments include securing significant funding to support the expansion of its hospital chain, strengthening its capability in delivering wide-ranging medical services. The company has also grown its operations to include advanced technological integrations within its healthcare offerings, providing enhanced patient care.",
P2,2,CHINI KUM,Gurugram,Consumer / commerce,Ecommerce,D2C,2025,1,1-10,Pre-Seed,Early Stage,2026-02-03,110479,110479,https://drinkchinikum.com,https://www.linkedin.com/company/chini-kum-guilt-free-drinks,Priyank Jain,,Secondary fit: consumer brand; only reach if they have app/backend roles.,Track/deprioritize unless a role appears or there is a warm intro.,Founder/key-person LinkedIn if available; otherwise company LinkedIn + website contact/careers page.,https://inc42.com/lists/list-of-early-stage-startups-in-gurugram/,not_contacted,,200,CHINI KUM - Guilt Free Drinks,"D2C beverage brand; tech roles, if any, would be ecommerce, analytics, inventory, and growth tooling rather than core AI/backend.",Ecommerce/Full-stack Intern; Data Analytics Intern; Growth/Ops Automation Intern,"ecommerce, Shopify, analytics, growth, inventory, operations","Consumer brands may need lightweight tech for store ops, analytics, subscriptions, and inventory but often hire less engineering early.",Low priority. Apply only if they explicitly want software/automation help.,full-stack product workflows; marketplace/order state; operations tooling; support automation; analytics,Swish; Postificus; Seaweed; Bentham AI,Open-source work is secondary; use it as proof of working in mature codebases only.,"Lead with shipping product workflows, order/support/ops state, and backend reliability.",Do not force an AI/ML narrative unless the company has explicit AI features.,Use Swish; Postificus; Seaweed; Bentham AI and keep the resume aligned to Consumer / commerce.,"My closest evidence is Swish; Postificus; Seaweed; Bentham AI, which maps to full-stack product workflows; marketplace/order state; operations tooling; support automation; analytics.","Founded in 2025, CHINI KUM operates in Ecommerce offering naturally sweetened beverages that are free from added sugar, artificial colours, and preservatives while being enriched with prebiotic fibre. The brand aims to provide great-tasting drinks that help prevent obesity and diabetes, tailored for contemporary consumers. CHINI KUM prides itself on its transparency, featuring clear ingredient listings and calorie counts in simple language. The company's focus is on promoting healthier beverage choices in the Indian market.",care@drinkchinikum.com
P2,2,CosMoss,Gurugram,Consumer / commerce,Ecommerce,,2025,2,1-10,Undisclosed,,2025-07-15,0,0,https://shopcosmoss.com,https://www.linkedin.com/company/cosmoss-india,Mohammad Jueitem,Mohammad Jueitem (Co-Founder): http://www.linkedin.com/in/mohammad-jueitem-,Secondary fit: consumer brand; only reach if they have app/backend roles.,Track/deprioritize unless a role appears or there is a warm intro.,Founder/key-person LinkedIn if available; otherwise company LinkedIn + website contact/careers page.,https://inc42.com/lists/list-of-early-stage-startups-in-gurugram/,not_contacted,,error: ConnectionError,,"Small ecommerce/consumer brand; likely tech work is lightweight store, analytics, CRM, and ops automation.",Ecommerce Intern; Full-stack/Internal Tools Intern; Data/Growth Analytics Intern,"ecommerce, analytics, CRM, operations, Shopify","Consumer brands need tech around store operations and growth, but engineering openings may be sparse.",Low priority unless there is a direct tech opening.,full-stack product workflows; marketplace/order state; operations tooling; support automation; analytics,Swish; Postificus; Seaweed; Bentham AI,Open-source work is secondary; use it as proof of working in mature codebases only.,"Lead with shipping product workflows, order/support/ops state, and backend reliability.",Do not force an AI/ML narrative unless the company has explicit AI features.,Use Swish; Postificus; Seaweed; Bentham AI and keep the resume aligned to Consumer / commerce.,"My closest evidence is Swish; Postificus; Seaweed; Bentham AI, which maps to full-stack product workflows; marketplace/order state; operations tooling; support automation; analytics.","CosMoss is a company based in Gurugram, Haryana, India, operating in the ecommerce sector. Founded in 2025, it now employs 2 individuals. The company was established by Mohammad Jueitem.",
P2,2,Filli & Me,Gurugram,Consumer / commerce,,,2025,3,1-10,Pre-Seed,Early Stage,2026-04-07,161134,161134,https://www.filliandme.com,https://www.linkedin.com/company/filliandme,Shikha Pahwa,,"Secondary fit: lead with full-stack workflow projects, support automation, backend/product execution.",Track/deprioritize unless warm intro. Ask whether they need a backend/full-stack intern; keep the mail practical and non-generic.,Founder/key-person LinkedIn if available; otherwise company LinkedIn + website contact/careers page.,https://inc42.com/lists/list-of-early-stage-startups-in-gurugram/,not_contacted,,200,"THE ORIGINAL HUGBAG
 – Filli&me","D2C school-bag brand; likely software needs are ecommerce, inventory, analytics, and growth tooling.",Ecommerce/Full-stack Intern; Data Analytics Intern; Growth Automation Intern,"ecommerce, catalog, inventory, analytics, growth",Small D2C brands usually hire engineering only for store/custom workflow needs.,Low priority for software internships.,full-stack product workflows; marketplace/order state; operations tooling; support automation; analytics,Swish; Postificus; Seaweed; Bentham AI,Open-source work is secondary; use it as proof of working in mature codebases only.,"Lead with shipping product workflows, order/support/ops state, and backend reliability.",Do not force an AI/ML narrative unless the company has explicit AI features.,Use Swish; Postificus; Seaweed; Bentham AI and keep the resume aligned to Consumer / commerce.,"My closest evidence is Swish; Postificus; Seaweed; Bentham AI, which maps to full-stack product workflows; marketplace/order state; operations tooling; support automation; analytics.","Founded in 2025, Filli & Me operates in Ecommerce offering thoughtfully crafted school bags designed to ease the transition from home to school for young children. Founded by parents Shikha and Vishal, the company produces HugBags that serve as comforting companions, complete with ergonomic features to support young adventurers. Each bag includes playful designs and surprise pockets, encouraging individuality while reducing strain on young shoulders. The brand also features Filli, a friendly cat mascot who adds joy and creativity to children's daily experiences.",
P2,2,HandyPanda,Gurugram,Consumer / commerce,Ecommerce,Vertical Marketplace,2025,6,1-10,Pre-Seed,Early Stage,2026-01-14,220095,220095,https://handypanda.in,https://www.linkedin.com/company/handypanda,"Abhishek Rao, Shaurya Jindal",,"Secondary fit: lead with full-stack workflow projects, support automation, backend/product execution.",Track/deprioritize unless warm intro. Ask whether they need a backend/full-stack intern; keep the mail practical and non-generic.,Founder/key-person LinkedIn if available; otherwise company LinkedIn + website contact/careers page.,https://inc42.com/lists/list-of-early-stage-startups-in-gurugram/,not_contacted,,200,HandyPanda — Construction materials delivered in 60 minutes,"Construction/renovation materials delivery marketplace; stronger software angle than most consumer rows because delivery, catalog, vendor, and ops workflows are core.",Backend Engineer Intern; Full-stack Engineer Intern; Marketplace/Ops Platform Intern; Data Analytics Intern; Mobile/App Intern,"marketplace backend, construction tech, delivery ops, vendor tools, inventory, full stack","Materials delivery needs catalogs, vendor inventory, order routing, logistics, pricing, and customer/contractor workflows.",Secondary-to-good fit. Lead with marketplace/workflow backend projects and Postgres/Redis.,construction-material marketplace; delivery ops; vendor catalog; inventory/order state,Postificus + Swish + Seaweed + Bentham AI,OSS secondary; use only to show maintainer-reviewed reliability.,Backend/full-stack marketplace ops intern.,Do not lead with ML.,"Postificus, Swish, Seaweed.","Postificus and Swish map to marketplace operations: catalog/order state, retryable workflows, dashboards, and support context.","Founded in 2025, HandyPanda operates in Ecommerce offering a construction and renovation materials delivery service. The company provides authentic materials at competitive prices and delivers them within 60 minutes, easing the burden of market runs and quality checks for customers. HandyPanda serves homeowners, contractors, and service professionals in Gurgaon. The company's mission is to make accessing construction supplies effortless for all.",contact@handypanda.in
P2,2,Nester,Gurugram,Consumer / commerce,Ecommerce,D2C,2025,6,1-10,Pre-Series A,Growth Stage,2026-02-11,2094775,2094775,https://nesterstore.in,https://www.linkedin.com/company/nester-india,Abhinav Singh,,"Secondary fit: lead with full-stack workflow projects, support automation, backend/product execution.",Track/deprioritize unless warm intro. Ask whether they need a backend/full-stack intern; keep the mail practical and non-generic.,Founder/key-person LinkedIn if available; otherwise company LinkedIn + website contact/careers page.,https://inc42.com/lists/list-of-early-stage-startups-in-gurugram/,not_contacted,,200,Nester Store,"Homeware appliance ecommerce brand; likely future roles around ecommerce backend, catalog, analytics, and operations tooling.",Full-stack/Ecommerce Intern; Backend Intern; Data Analytics Intern; Internal Tools Intern,"ecommerce backend, full stack, catalog, analytics, inventory","Commerce brands need catalog, order, inventory, support, and growth analytics systems.",Low-to-secondary priority.,full-stack product workflows; marketplace/order state; operations tooling; support automation; analytics,Swish; Postificus; Seaweed; Bentham AI,Open-source work is secondary; use it as proof of working in mature codebases only.,"Lead with shipping product workflows, order/support/ops state, and backend reliability.",Do not force an AI/ML narrative unless the company has explicit AI features.,Use Swish; Postificus; Seaweed; Bentham AI and keep the resume aligned to Consumer / commerce.,"My closest evidence is Swish; Postificus; Seaweed; Bentham AI, which maps to full-stack product workflows; marketplace/order state; operations tooling; support automation; analytics.","Founded in 2025, Nester operates in Ecommerce offering homeware appliances such as air fryers, toasters, juicers, steam air fryer ovens, wooden seasoning grinders, and aprons in India. The company focuses on providing a variety of kitchen and home products to enhance the cooking experience for consumers. Nester aims to meet the growing demand for quality home appliances, catering to a diverse audience in the Indian market.",
P2,2,OZi,Gurugram,Consumer / commerce,Consumer Services,Hyperlocal Services,2025,57,51-100,Series A,Growth Stage,2026-03-24,6200000,9500000,https://ozi.in,https://www.linkedin.com/company/ozi/,Amit Sah,Rishiraj Kalita (Board Observer): https://www.linkedin.com/in/reach-rishiraj,"Secondary fit: lead with full-stack workflow projects, support automation, backend/product execution.",Track/deprioritize unless warm intro. Ask whether they need a backend/full-stack intern; keep the mail practical and non-generic.,Founder/key-person LinkedIn if available; otherwise company LinkedIn + website contact/careers page.,https://inc42.com/lists/list-of-early-stage-startups-in-gurugram/,not_contacted,,200,Baby and Kids' Products Delivered in 60 Minutes | OZi,"Baby/kids products quick-delivery app; likely needs app/backend, inventory, dispatch, and operations analytics.",Backend Engineer Intern; Mobile/App Intern; Full-stack Engineer Intern; Dispatch/Ops Tooling Intern; Data Analytics Intern,"quick commerce, backend, mobile, delivery, inventory, dispatch, analytics","Fast delivery apps depend on order routing, inventory sync, location, delivery SLAs, and customer app quality.",Secondary fit. Lead with backend workflows and reliability.,quick-commerce delivery; inventory/order routing; mobile/backend ops; analytics,Swish + Postificus + Seaweed + Bentham AI,OSS secondary.,Backend/full-stack intern for delivery/order workflows.,Do not lead with ML.,Swish/Postificus/Seaweed.,"Swish and Postificus show operations workflow modeling, queues, retries, and reliable customer-facing flows.","Founded in 2025, OZi operates in Consumer Services offering a fast delivery app for all baby-related needs, including essentials, clothing, toys, and gifts. The service provides curated, parent-approved products delivered to doorsteps within 30 minutes, ensuring convenience for new parents. Customers can find a range of items, including baby fashion, toys designed for early learning, and everyday care essentials. OZi aims to simplify the shopping experience by providing real-time stock visibility and a fast, easy ordering process.",
P2,2,RARA Barefoot,Gurugram,Consumer / commerce,Ecommerce,D2C,2025,2,1-10,Pre-Seed,Early Stage,2025-10-15,500000,500000,https://rarabarefoot.in,https://www.linkedin.com/company/rara-barefoot/,"Varun Mimani, Manas Tripathi",,"Secondary fit: lead with full-stack workflow projects, support automation, backend/product execution.",Track/deprioritize unless warm intro. Ask whether they need a backend/full-stack intern; keep the mail practical and non-generic.,Founder/key-person LinkedIn if available; otherwise company LinkedIn + website contact/careers page.,https://inc42.com/lists/list-of-early-stage-startups-in-gurugram/,not_contacted,,200,Buy Best Barefoot Shoes India | Rara Barefoot Shoes for Natural Fitnes,"D2C footwear brand; likely software roles are ecommerce, inventory, analytics, and growth automation.",Ecommerce/Full-stack Intern; Data Analytics Intern; Growth/Ops Automation Intern,"ecommerce, inventory, analytics, growth, Shopify","D2C brands usually need lightweight engineering around commerce and growth, not core backend/AI.",Low priority unless they explicitly post a tech role.,full-stack product workflows; marketplace/order state; operations tooling; support automation; analytics,Swish; Postificus; Seaweed; Bentham AI,Open-source work is secondary; use it as proof of working in mature codebases only.,"Lead with shipping product workflows, order/support/ops state, and backend reliability.",Do not force an AI/ML narrative unless the company has explicit AI features.,Use Swish; Postificus; Seaweed; Bentham AI and keep the resume aligned to Consumer / commerce.,"My closest evidence is Swish; Postificus; Seaweed; Bentham AI, which maps to full-stack product workflows; marketplace/order state; operations tooling; support automation; analytics.","Founded in 2025, RARA Barefoot operates in Ecommerce offering footwear inspired by the barefoot running Rarámuri tribe of Mexico. The company focuses on creating barefoot sneakers that support human biomechanics and enhance natural movement, prioritising quality and innovative design. RARA Barefoot aims to redefine sneakers by harmonising biomechanics with aesthetics, ensuring that footwear complements the body's natural functions. Their mission is to craft extraordinary products while respecting the complexity of human movement and maintaining an obsession for excellence in every detail. They are dedicated to preserving the exceptional capabilities of the human foot.",
P2,2,Rotoris,Gurugram,Consumer / commerce,Ecommerce,D2C,2025,20,11-50,Seed,Early Stage,2025-12-15,3000000,3000000,https://rotoris.com,https://www.linkedin.com/company/rotoris,"Aakash Anand, Prerna Gupta",Aakash Anand (Founder and CEO): https://www.linkedin.com/in/aakashanand,"Secondary fit: lead with full-stack workflow projects, support automation, backend/product execution.",Track/deprioritize unless warm intro. Ask whether they need a backend/full-stack intern; keep the mail practical and non-generic.,Founder/key-person LinkedIn if available; otherwise company LinkedIn + website contact/careers page.,https://inc42.com/lists/list-of-early-stage-startups-in-gurugram/,not_contacted,,200,Rotoris Watches | A Modern Mechanical Watch Brand,"D2C mechanical watch brand; tech needs likely around ecommerce, inventory, customer support tooling, analytics, and growth.",Ecommerce Intern; Full-stack/Internal Tools Intern; Data Analytics Intern; Growth Automation Intern,"ecommerce, inventory, analytics, customer support tools, growth",Product commerce brands need operational tooling but may not have frequent software intern openings.,Low priority.,full-stack product workflows; marketplace/order state; operations tooling; support automation; analytics,Swish; Postificus; Seaweed; Bentham AI,Open-source work is secondary; use it as proof of working in mature codebases only.,"Lead with shipping product workflows, order/support/ops state, and backend reliability.",Do not force an AI/ML narrative unless the company has explicit AI features.,Use Swish; Postificus; Seaweed; Bentham AI and keep the resume aligned to Consumer / commerce.,"My closest evidence is Swish; Postificus; Seaweed; Bentham AI, which maps to full-stack product workflows; marketplace/order state; operations tooling; support automation; analytics.","Founded in 2025, Rotoris operates in the Ecommerce sector offering design-first mechanical and Q-Matic timepieces inspired by aspirational experiences. The company focuses on blending innovative design with craftsmanship to create unique watches. Rotoris aims to deliver exceptional quality and aesthetics in its timepieces, appealing to consumers seeking both functionality and style. Through its products, the company seeks to elevate the watch-wearing experience by drawing inspiration from diverse life moments.",support@rotoris.com
P2,2,Tvissa,Gurugram,Consumer / commerce,Ecommerce,D2C,2025,2,1-10,,,,,,https://tvissa.com,https://in.linkedin.com/company/wearetvissa,Mrinal Narain,Mrinal Narain (Co-founder & CEO): https://www.linkedin.com/in/mrinalnarain,"Secondary fit: lead with full-stack workflow projects, support automation, backend/product execution.",Track/deprioritize unless warm intro. Ask whether they need a backend/full-stack intern; keep the mail practical and non-generic.,Founder/key-person LinkedIn if available; otherwise company LinkedIn + website contact/careers page.,https://inc42.com/lists/list-of-early-stage-startups-in-gurugram/,not_contacted,,error: SSLError,,"Handcrafted saree/ecommerce brand; likely tech roles only around ecommerce store, catalog, personalization, and analytics.",Ecommerce/Full-stack Intern; Data Analytics Intern; Growth Automation Intern,"ecommerce, catalog, analytics, growth, Shopify",Early D2C brands typically hire tech only for store/growth/ops improvements.,Low priority for your current backend/AI resume.,full-stack product workflows; marketplace/order state; operations tooling; support automation; analytics,Swish; Postificus; Seaweed; Bentham AI,Open-source work is secondary; use it as proof of working in mature codebases only.,"Lead with shipping product workflows, order/support/ops state, and backend reliability.",Do not force an AI/ML narrative unless the company has explicit AI features.,Use Swish; Postificus; Seaweed; Bentham AI and keep the resume aligned to Consumer / commerce.,"My closest evidence is Swish; Postificus; Seaweed; Bentham AI, which maps to full-stack product workflows; marketplace/order state; operations tooling; support automation; analytics.","Founded in 2025, Tvissa operates in Ecommerce offering handcrafted sarees that celebrate the limitless spirit of women rooted in Indian culture. The company showcases traditional Indian art forms and regional weaves, including Kutch embroidery, Maheshwari silk, Kanjeevaram sarees, and Jamdani textiles. By collaborating directly with skilled artisans and weavers across India, Tvissa ensures that each saree is authentic, ethically made, and sustainable for future generations.",
P2,2,Unbound,Gurugram,Consumer / commerce,,,2025,6,1-10,Undisclosed,,2026-04-16,862000,862000,https://unbound-lifestyle.com,https://www.linkedin.com/company/unboundlifestyle,"Kanika Mittal, Atul Arora",,"Secondary fit: lead with full-stack workflow projects, support automation, backend/product execution.",Track/deprioritize unless warm intro. Ask whether they need a backend/full-stack intern; keep the mail practical and non-generic.,Founder/key-person LinkedIn if available; otherwise company LinkedIn + website contact/careers page.,https://inc42.com/lists/list-of-early-stage-startups-in-gurugram/,not_contacted,,200,Unbound-Lifestyle | Skincare & Haircare for Men in Motion,"Men’s skincare/haircare D2C brand; likely tech roles around ecommerce, subscription/CRM, analytics, inventory, and growth automation.",Ecommerce/Full-stack Intern; Data Analytics Intern; Growth/Ops Automation Intern,"ecommerce, CRM, analytics, inventory, growth",D2C consumer brands may need tech support but generally hire fewer software interns early.,Low priority.,full-stack product workflows; marketplace/order state; operations tooling; support automation; analytics,Swish; Postificus; Seaweed; Bentham AI,Open-source work is secondary; use it as proof of working in mature codebases only.,"Lead with shipping product workflows, order/support/ops state, and backend reliability.",Do not force an AI/ML narrative unless the company has explicit AI features.,Use Swish; Postificus; Seaweed; Bentham AI and keep the resume aligned to Consumer / commerce.,"My closest evidence is Swish; Postificus; Seaweed; Bentham AI, which maps to full-stack product workflows; marketplace/order state; operations tooling; support automation; analytics.","Unbound is a company based in Gurugram, Haryana, India, operating in the ecommerce sector. Founded in 2025, it now employs 6 individuals. The company was established by Kanika Mittal, Atul Arora.",
P2,1,For Real,Gurugram,Consumer / commerce,Ecommerce,Vertical Marketplace,2025,8,1-10,Pre-Seed,Early Stage,2026-01-20,349057,349057,,https://www.linkedin.com/company/forreall,"Anurag Sheth, Mohit Sheth",,"Secondary fit: lead with full-stack workflow projects, support automation, backend/product execution.",Track/deprioritize unless warm intro. Ask whether they need a backend/full-stack intern; keep the mail practical and non-generic.,Founder/key-person LinkedIn if available; otherwise company LinkedIn + website contact/careers page.,https://inc42.com/lists/list-of-early-stage-startups-in-gurugram/,not_contacted,,missing,,Off-price shopping/online factory outlet marketplace; stronger tech angle if they build marketplace/catalog/order systems.,Backend Engineer Intern; Full-stack Marketplace Intern; Catalog/Search Intern; Data Analytics Intern; Ops Tooling Intern,"marketplace, backend, catalog, search, inventory, full stack, analytics","Off-price marketplaces need inventory ingestion, catalog matching, pricing, order flows, and seller/brand operations tooling.",Secondary fit if a marketplace/backend role appears. Lead with Postgres workflows and API reliability.,off-price marketplace; catalog/search; inventory ingestion; seller/order operations,Seaweed + Postificus + Swish + Bentham AI,OSS secondary.,Backend/full-stack marketplace intern.,Do not lead with AI unless they mention recommendations/search.,Seaweed for user-facing product and Postificus for workflow reliability.,"Seaweed and Postificus show I can build product systems with state, rankings/search-like flows, and reliable async jobs.","Founded in 2025, For Real operates in Ecommerce offering India's first off-price shopping destination that functions like an online factory outlet. The company works directly with leading brands to provide shoppers access to surplus and overstock products, typically kept behind the scenes. Built on structure and transparency, For Real aims to help brands manage excess inventory responsibly while enabling shoppers to enjoy authentic products at real value. The company prioritises quality and authenticity in its offerings.",
