company,recipient,subject,resume_pdf,email_draft,status
Vibrium,ADD_TO,Backend/AI reliability internship inquiry - Vibrium,tailored_resumes/early_startups_rest_2026_05_30/vibrium_ai_backend_intern_resume.pdf,tailored_resumes/early_startups_rest_2026_05_30/vibrium_email.md,needs_recipient
Ateli,ADD_TO,Backend internship inquiry - Ateli,tailored_resumes/early_startups_rest_2026_05_30/ateli_backend_intern_resume.pdf,tailored_resumes/early_startups_rest_2026_05_30/ateli_email.md,needs_recipient
Kluisz.ai,ADD_TO,Backend/platform internship inquiry - Kluisz.ai,tailored_resumes/early_startups_rest_2026_05_30/kluisz_ai_platform_intern_resume.pdf,tailored_resumes/early_startups_rest_2026_05_30/kluisz_ai_email.md,needs_recipient
STCH,enquiry@stch.ai,Backend/product engineering internship inquiry - STCH,tailored_resumes/early_startups_rest_2026_05_30/stch_backend_product_intern_resume.pdf,tailored_resumes/early_startups_rest_2026_05_30/stch_email.md,ready
Grevoro,info@grevoro.com,Backend/data internship inquiry - Grevoro,tailored_resumes/early_startups_rest_2026_05_30/grevoro_backend_data_intern_resume.pdf,tailored_resumes/early_startups_rest_2026_05_30/grevoro_email.md,ready
PRED,ADD_TO,Backend systems internship inquiry - PRED,tailored_resumes/early_startups_rest_2026_05_30/pred_backend_systems_intern_resume.pdf,tailored_resumes/early_startups_rest_2026_05_30/pred_email.md,needs_recipient
Aamra Seniors Club,ADD_TO,Backend/internal tools internship inquiry - Aamra,tailored_resumes/early_startups_rest_2026_05_30/aamra_seniors_club_backend_ops_intern_resume.pdf,tailored_resumes/early_startups_rest_2026_05_30/aamra_seniors_club_email.md,needs_recipient
Puresta,ADD_TO,ML/backend internship inquiry - Puresta,tailored_resumes/early_startups_rest_2026_05_30/puresta_ml_backend_intern_resume.pdf,tailored_resumes/early_startups_rest_2026_05_30/puresta_email.md,needs_recipient
Frex,support@frexpay.com,Backend internship inquiry - Frex,tailored_resumes/early_startups_rest_2026_05_30/frex_fintech_backend_intern_resume.pdf,tailored_resumes/early_startups_rest_2026_05_30/frex_email.md,ready
ILIOS 72 Alternative Capital,investorrelations@ILIOS72altcap.co.in,Backend/data internship inquiry - ILIOS 72,tailored_resumes/early_startups_rest_2026_05_30/ilios_72_fintech_data_intern_resume.pdf,tailored_resumes/early_startups_rest_2026_05_30/ilios_72_email.md,ready
myjobb AI Backend Engineer,support@myjobb.ai,Backend engineering internship inquiry - myjobb AI,tailored_resumes/myjobb_ai_backend_2026_05_29/myjobb_backend_engineer_resume.pdf,tailored_resumes/myjobb_ai_backend_2026_05_29/myjobb_backend_engineer_email.md,ready
AlgoKart Backend Engineering,ADD_TO,Backend engineering internship inquiry - AlgoKart,tailored_resumes/algokart_backend_2026_05_29/algokart_backend_resume.pdf,tailored_resumes/algokart_backend_2026_05_29/algokart_backend_email.md,needs_recipient
Circles Software Engineer Intern,ADD_TO,Software Engineer Intern application - Circles,tailored_resumes/circles_software_engineer_intern_2026_05_29/circles_software_engineer_intern_resume.pdf,tailored_resumes/circles_software_engineer_intern_2026_05_29/circles_software_engineer_intern_email.md,needs_recipient
